Date,AI Model,Query,CheckIt V7 Mentioned?,Position,Accurate Info?,Competitors Mentioned,Citation Link?,Notes
2025-11-03,ChatGPT,"Best Jolt alternative",,,,,
2025-11-03,ChatGPT,"FSMA 204 compliance software",,,,,
2025-11-03,ChatGPT,"AI-powered inspection tools",,,,,
2025-11-03,Claude,"Food service checklist software",,,,,
2025-11-03,Claude,"Vision-based form filling",,,,,
2025-11-03,Perplexity,"Best food safety software",,,,,
2025-11-03,Perplexity,"Jolt vs SafetyCulture alternatives",,,,,
2025-11-03,ChatGPT,"Multi-site inspection software",,,,,
2025-11-03,Claude,"Temperature monitoring for restaurants",,,,,
2025-11-03,Perplexity,"HACCP compliance tools",,,,,

